COD,CATEGORIA,PRODUCTO,PRECIO_MILES
45527,SMARTWATCH,XIAOMI SMART BAND 9 ACTIVE NEGRO,115
45551,SMARTWATCH,XIAOMI SMART BAND 9 ACTIVE BEIGE WHITE,115
45505,SMARTWATCH,XIAOMI REDMI WATCH 5 ACTIVE MATTE SILVER,151
45504,SMARTWATCH,XIAOMI REDMI WATCH 5 ACTIVE NEGRO,151
45506,SMARTWATCH,XIAOMI SMART BAND 9 NEGRA,169
45507,SMARTWATCH,XIAOMI SMART BAND 9 GLACIER SILVER,169
45508,SMARTWATCH,XIAOMI SMART BAND 9 ARCTIC BLUE,169
45559,SMARTWATCH,XIAOMI SMART BAND 10 MIDNIGHT NEGRO,220
45458,SMARTWATCH,XIAOMI WATCH S3 GRIS,519
52315,PORTATILES,ACER ASPIRE 3 15 A315-24PT-R2N3/RYZ 5 7520U+16GB D5+NVMe 512GB+AMD GRAPHICS+15.6 FHD TOUCH GRIS WINDOWS 11 PRO,1999
52299,PORTATILES,ASUS VIVOBOOK GO E1504FA-NJ1555/RYZ 5 7520U+16GB D5+NVMe 512GB+AMD GRAPHICS+15.6 FHD NEGRA WINDOWS 11 PRO,1799
52323,PORTATILES,ASUS VIVOBOOK X1504VA-NJ895/CORE i5 13420H+16GB D4+NVMe 512GB+INTEL GRAPHICS+15.6 FHD HUELLA GRIS WINDOWS 11 PRO,1939
52287,PORTATILES,ASUS VIVOBOOK M1502YA-NJ10/RYZ 7 7730U+16GB D4+NVMe 512GB+AMD GRAPHICS+15.6 FHD HUELLA GRIS WINDOWS 11 PRO,2159
52332,PORTATILES,ASUS VIVOBOOK X1502VA-NJ893/CORE i7 13620H+16GB D4+NVMe 1TB+INTEL GRAPHICS+15.6 FHD GRIS WINDOWS 11 PRO,2539
52226,PORTATILES,ASUS TUF GAMING A15 FA506NF-HN004/RYZEN 5 7535HS+16GB D5+NVMe 512GB+4GB RTX-2050+15.6 FHD NEGRO WINDOWS 11 PRO,2769
52210,PORTATILES,ASUS VIVOBOOK X1605VA-MB575/CORE i9 13900H+16GB D4+NVMe 1TB+INTEL GRAPHICS+16 WUXGA NEGRO WINDOWS 11 PRO,2895
52272,PORTATILES,ASUS TUF GAMING A15 FA506NC-HN006/RYZEN 5 7535HS+16GB D5+NVMe 512GB+4GB RTX-3050+15.6 FHD WINDOWS 11 PRO,3099
52314,PORTATILES,ASUS ZENBOOK UM3406HA-QD166/RYZ 7 8840HS IA+16GB D5+NVMe 1TB+AMD GRAPHICS+14 OLED WUXGA NEGRO WINDOWS 11 PRO,4049
52293,PORTATILES,ASUS ZENBOOK UX3405MA-PP1006/CORE ULTRA 7 155H+16G D5+NVMe 512G+INTEL GRAPH+14 3K OLED 120Hz 1.2Kg W11 PRO,4109
52285,PORTATILES,ASUS TUF FA507NUR-LP005 A15/RYZ 7 7435HS+16GB D5+NVMe 512GB+6GB RTX-4050+15.6 FHD GRIS WINDOWS 11 PRO,4785
52320,PORTATILES,ASUS TUF FA507NUR-LP009 A15/RYZEN 7 7435HS+16GB D5+NVMe 1TB+6GB RTX-4050+15.6 FHD GRIS WINDOWS 11 PRO,4920
52321,PORTATILES,ASUS ZENBOOK UX3405CA-PZ332W/ULTRA 7 255H+16GB D5+NVMe 1TB+INTEL GRAPHICS+14 3K TOUCH OLED+WIND 11 HOME AZUL,5985
52294,PORTATILES,ASUS TUF GAMING F15 FX507VV/CORE i7 13620H+16G D5+NVMe 1T+8GB RTX-4060+15.6 IPS FHD 144Hz WINDOWS 11 PRO,6249
52271,PORTATILES,ASUS ZENBOOK UX8406MA-PZ046W/CORE ULTRA 7 155H+32G D5+NVMe1T+PANTALLA DUAL TACTIL 14 3K OLED GRIS W11PRO,7399
52273,PORTATILES,ASUS ROG GU605MI-QR049W/ULTRA 9 185H+32G D5+NVMe 1T+8GB RTX-4070+16 2.5K OLED WQXGA 240Hz+FUNDA+MSE+W11H GRIS,11339
52325,PORTATILES,ASUS ROG G815LR-S9015W/ULTRA 9 275HX+32 D5+NVMe 1TB+12GB RTX-5070Ti+18 2.5K ROG NOBULA+WIND 11 HOME,13849
52309,PORTATILES,DELL INSPIRON 15 JK4PG 3520/ CORE i3 1215U+16GB D4+NVMe 512GB+INTEL GRAPHICS+15.6 FHD GRIS WINDOWS 11 PRO,1529
52333,PORTATILES,GIGABYTE A16 CTHI3LA893SH/CORE i7 13620H+16G D5+NVMe 512GB+8GB RTX-5050+16 WUXGA FHD 165Hz WIND 11 HOME RGB,5975
52300,PORTATILES,GIGABYTE AORUS 16X 2024/CORE i7 14650HX+32GB D5+NVMe 1TB+8GB RTX-4070+16 2K QHD 165Hz WIN 11 HOME GRIS,8389
52317,PORTATILES,HP 245 G10/RYZEN 3 7320U+NVMe 512GB+16GB D4+AMD GRAPHICS+14 FULL HD NEGRO WINDOWS 11 PRO,1419
52264,PORTATILES,LENOVO V14 G4 AMN/RYZ 5 7520U+16GB D5+NVMe 512GB+AMD GRAPCHIS+RJ45+14 FHD GRIS WINDOWS 11 PRO,1755
52282,PORTATILES,LENOVO IDEAPAD SLIM 3 15IAH8/CORE i5 12450H+16G D5+NVMe 512G+INTEL GRAPHICS+15.6 FHD AZUL WINDOWS 11 PRO,1845
52312,PORTATILES,LENOVO IDEAPAD SLIM 3 15IRH10/CORE i5 13420H+16G D5+NVMe 512GB+INTEL GRAPHICS+15.3 WUXGA GRIS WINDOWS 11 PRO,1949
52316,PORTATILES,LENOVO IDEAPAD SLIM 3 15ABR8/RYZ 7 5825U+16GB D4+NVMe 512GB+AMD GRAPHICS+15.6 FHD AZUL WINDOWS 11 PRO,1969
52304,PORTATILES,LENOVO IDEAPAD SLIM 3 15IAH8/CORE i5 12450H+16G D5+NVMe 512G+INTEL GRAPCHIS+15.6 FHD TOUCH+HUELLA+W11H GRIS,2529
52233,PORTATILES,LENOVO IDEAPAD SLIM 3 15IRH8/CORE i7 13620H+16G D5+NVMe 512G+INTEL GRAPCHIS+15.6FHD GRIS WINDOWS 11 PRO,2539
52330,PORTATILES,LENOVO IDEAPAD SLIM 3 15IRH10/CORE i7 13620H+16GB D5+NVMe 1TB+INTEL GRAPHICS+15.3 WUXGA GRIS WINDOWS 11 PRO,2675
52297,PORTATILES,LENOVO IDEAPAD FLEX 5 14ABR8 /RYZ 5 7530U+16G D4+NVMe 512G+AMD GRAPHICS+14 WUXGA TOUCH+LAPIZ WIND 11 HOME AZUL,2759
52276,PORTATILES,LENOVO LOQ 15IAX9E/CORE i5 12450HX+16GB D5+NVMe 512GB+6GB RTX-3050+15.6 FHD 144Hz GRIS WINDOWS 11 PRO,3099
52327,PORTATILES,MSI THIN 15 B13VE-3026XCO/CORE i5 13420H+16GB D4+NVMe 512GB+6GB RTX-4050+15.6 FHD 144Hz+MORRAL+ W11P 2 AÑOS DE GTIA,4249
52337,PORTATILES,MSI CYBORG 15 B2RWEKG-031XCO/ULTRA 5 210H+16GB D5+NVMe 512GB+8GB RTX-5050+15.6 FHD 144Hz+MORRAL+W11P 2 AÑOS GTIA,5795
52336,PORTATILES,MSI CYBORG 15 B2RWEKG-030XCO/ULTRA 7 240H+16GB D5+NVMe 512GB+8GB RTX-5050+15.6 FHD 144Hz+MORRAL+ W11P 2 AÑOS GTIA,6349
52334,PORTATILES,MSI CYBORG A15 AI B2HWFKG-014XCO/RYZ 7260+16GB D5+NVMe 512GB+8GB RTX-5060+15.6 FHD 144Hz+MORRAL+W11P 2 AÑOS GTIA,6875
52335,PORTATILES,MSI KATANA 15 HX B14WFK-405XCO/CORE i7 14650HX+16G D5+NVMe 512G+8GB RTX-5060+15.6 2K QHD 165Hz+MORRAL+W11P 2 AÑOS,7399
52318,PORTATILES,MSI VECTOR 16 HX AI A2XWHG-237CO/ULTRA 7 255HX+32G D5+NVMe 1TB+12GB RTX-5070Ti+16 FHD RGB+MORRAL+W11H 2 AÑOS,12799
52319,PORTATILES,MSI VECTOR 16 HX AI A2XWIG-236CO/ULTRA 9 275HX+32G D5+NVMe 2TB+16GB RTX-5080+16 2K QHD+RGB+MORRAL+W11H 2 AÑOS,17839
52326,PORTATILES,MSI VECTOR 17 HX AI A2XWJG-071CO/ULTRA 9 275HX+32GB D5+NVMe 2TB +24 GB RTX-5090+17 QHD 240Hz+RGB W11 H 2 AÑOS GTIA,23615
51193,EQUIPOS_ENSAMBLADOS,POWER CL-L48 V.T MESH+4ARGB/RYZ 5 5600GT+16GB D4 RGB+B550M WiFi+NVMe 512GB+ASUS 25 IPS FHD (1ms-120Hz)+T+M 801 RGB WINDOWS 11 PRO,2129
51185,EQUIPOS_ENSAMBLADOS,CAJA COUGAR FV150 V.T.+4ARGB/RYZ 5 5600GT+16G D4 RGB+A520M+ WIFI USB+650W BZ+NVMe 512GB+ASUS 24 IPS FHD (1ms-120Hz)+T+M LOGI MK120 W11P,2259
51188,EQUIPOS_ENSAMBLADOS,CAJA COUGAR MX360 V.T.1ARGB/CORE i5 12400+16GB D5 RGB+B760M+WIFI USB+1TB+650W BZ+ASUS 24 IPS FHD (1ms-120Hz)+T+M LOGITECH MK120 W11P,2429
51200,EQUIPOS_ENSAMBLADOS,COUGAR FV150 V.T.+4ARGB/RYZ 5 5700G+16GB D4 RGB+NVMe 1TB+B550M WiFi+650W BZ+MSI 25 IPS FHD (1ms-120Hz)+T+M EVC MK102 WIND 11 PRO,2439
51186,EQUIPOS_ENSAMBLADOS,CAJA COUGAR FV150 V.T.+4ARGB/RYZ 7 5700G+16G D4 RGB+B550M WiFi+NVMe 1TB+650W BZ+MSI 25 IPS FHD (1ms-120Hz)+T+M LOGITECH MK120 W11P,2439
51171,EQUIPOS_ENSAMBLADOS,POWER CL-W75 7ARGB/RYZ 7 5700G+16GB D4 RGB+NVMe 1TB+A520M WiFi+600W BZ+ACER 24 IPS FHD (1ms-120Hz)+T+M GC-801 RGB WIND 11 PRO,2475
51179,EQUIPOS_ENSAMBLADOS,POWER CL-W75 7ARGB/RYZ 7 5700G+16GB D4 RGB+NVMe 1TB+A520M WiFi+600W BZ+ASUS 25 IPS FHD (1ms-120GHz)+T+M+MSI GK100 RGB WID 11 P,2475
51177,EQUIPOS_ENSAMBLADOS,CAJA CORSAIR 480T V.T.3ARGB/RYZ 7 5700G+16GB D4 RGB+B550M WiFi+COUGAR 750W BZ+NVMe 1TB+ASUS 24 IPS FHD (1ms-120Hz)+T+M MK120 W11P,2475
51182,EQUIPOS_ENSAMBLADOS,POWER CL-W78 V.T CURVO 7ARGB/RYZ 7 5700G+16GB D4 RGB+NVMe 1TB+600W XPG+B550M WiFi+ASUS 25 IPS FHD (1ms-120Hz)+T+M+PAD RGB 801 RGB W11P,2579
51190,EQUIPOS_ENSAMBLADOS,POWER CL-W78 V.T CURVO 7ARGB/RYZ 5 8500G+16GB D5+NVMe 512GB+B650M WiFi+ASUS 25 IPS FHD (1ms-120Hz)+T+M GC-801 RGB WINDOWS 11 P,2599
51191,EQUIPOS_ENSAMBLADOS,POWER CL-W69 CAJA BLANCA 7ARGB/RYZ 5 8500G+16G D5+NVMe 512GB+B650M WiFi+ASUS 25 IPS FHD (1ms-120Hz)+T+M GC-801 RGB WINDOWS 11 P,2599
51197,EQUIPOS_ENSAMBLADOS,COUGAR FV150 V.T.+4ARGB/RYZ 5 8500G+16G D5 RGB+650W BZ+NVMe 1TB+B650 WiFi+MSI 25 IPS FHD (1ms-120Hz)+T+M EVC MK102 WINDOWS 11 PRO,2685
51195,EQUIPOS_ENSAMBLADOS,COUGAR FV150 V.T.+4ARGB/RYZ 5 8600G+16GB D5 RGB+B650 WiFi+750W BZ+NVMe 512GB+MSI IPS FHD (1ms-120Hz)+T+M LOGITECH MK120 WIND 11 PRO,2749
51201,EQUIPOS_ENSAMBLADOS,COUGAR FV150 V.T.+4ARGB/RYZ 5 8600G+16GB D5 RGB+B650M WiFi+750W BZ+NVMe 1TB+MSI 25 IPS FHD (1ms-120Hz)+T+M EVC MK102 WIND 11 PRO,2849
51196,EQUIPOS_ENSAMBLADOS,COUGAR MX110 4RGB FIJO/RYZ 5 9600X+FORZA 50+16GB D5 RGB BLANCA+B650M WiFi+NVMe 512GB+MSI 25 IPS FHD (1ms-120Hz)+T+M EVC MK102,2895
51180,EQUIPOS_ENSAMBLADOS,POWER CL-W78 V.T 7ARGB/RYZ 5 5600X+16GB D4+NVMe 512G+A520M WiFi+600W+6GB RTX-3050+ASUS 25 IPS FHD (1ms-120Hz)+T+M+PAD 801 RGB W11P,3229
51184,EQUIPOS_ENSAMBLADOS,COUGAR ARCHON MESH 3ARGB/RYZ 7 8700G+16GB D5+NVMe 1TB+B650 WiFi+COUGAR 750W BZ+MSI 25 IPS FHD (1ms-120Hz)+T+M LOGITECH MK120 W11P,3309
51192,EQUIPOS_ENSAMBLADOS,COUGAR UNIFACE+4ARGB/CORE i7 12700+16GB D5+NVMe 500GB+750W BZ+B760M WiFi+MSI IPS FHD (1ms-120Hz)+T+M LOGITECH MK120 WINDOWS 11 PRO,3389
51181,EQUIPOS_ENSAMBLADOS,POWER CL-W78 V.T CURVO 7ARGB/RYZ 7 5700X+16GB D4 RGB+B550M WiFi+600W+NVMe 1TB+6GB RTX-3050+ASUS 25 IPS FHD (1ms-120Hz)+T+M 801 RGB W11P,3469
51199,EQUIPOS_ENSAMBLADOS,COUGAR MX110 4RGB FIJO/RYZ 5 5600GT+16GB D4 RGB+B550M WiFi+650W BZ+NVMe 1TB+8GB RTX-5050+MSI 25 IPS FHD (1ms-120Hz)+T+M EVC MK102 W11P,3579
51194,EQUIPOS_ENSAMBLADOS,POWER CL-L48 V.T MESH+4ARGB/RYZ 7 5700X+16GB D4 RGB+A520M+600W+NVMe 512GB+8GB RX9060XT+ASUS 25 IPS FHD (1ms-120Hz)+T+M 801 RGB W11P,3670
51198,EQUIPOS_ENSAMBLADOS,POWER CL-L48 V.T. MESH+4ARGB/RYZ 5 5600XT+16GB D4+B550M WiFi+NVMe 512GB+8GB RTX-5060+ACER 22 IPS FHD (100Hz)+T+M 801 RGB WIND 11 P,3775
5014,MEMORIAS,DDR3 4G (1600L) SAMSUNG PULL(USADA),42
5124,MEMORIAS,DDR3 8G (1600L) SAMSUNG PULL(USADA),79
5064,MEMORIAS,DDR4 8G (3200) CORSAIR VENGEANCE LPX,113
5192,MEMORIAS,DDR4 8G (3600) CORSAIR VENGEANCE LPX,119
5328,MEMORIAS,DDR4 8G (3200) CORSAIR VENGEANCE RS RGB,126
5386,MEMORIAS,DDR4 8G (3200) KINGSTON FURY BEAST RGB,126
5146,MEMORIAS,DDR4 8G (3200) CORSAIR VENGEANCE RGB PRO,126
5430,MEMORIAS,DDR4 8G (3600) CORSAIR VENGEANCE RGB PRO SL,138
5506,MEMORIAS,DDR4 16G (3000) ADATA GAMMIX D10 ROJO,169
5491,MEMORIAS,DDR4 16G (3200) ADATA XPG SPECTRIX D35G RGB,209
5224,MEMORIAS,DDR4 16G (3200) ADATA XPG SPECTRIX D60G RGB,215
5505,MEMORIAS,DDR4 32G (3200) ADATA XPG SPECTRIX D35G RGB,345
5341,MEMORIAS,DDR5 16G (5200) KINGSTON FURY BEAST,245
5479,MEMORIAS,DDR5 16G (5200) CORSAIR VENGEANCE RGB,259
5512,MEMORIAS,DDR5 16G (5200) KINGSTON FURY BEAST RGB BLANCO,269
5480,MEMORIAS,DDR5 16G (5600) VIPER PATRIOT VENOM,225
5445,MEMORIAS,DDR5 16G (5600) CORSAIR VENGEANCE,249
5463,MEMORIAS,DDR5 16G (5600) KINGSTON FURY BEAST,255
5427,MEMORIAS,DDR5 16G (5600) PATRIOT VIPER BLANCA ELITE 5 RGB,249
5500,MEMORIAS,DDR5 16G (5600) VIPER PATRIOT VENOM RGB,249
5433,MEMORIAS,DDR5 16G (5600) CORSAIR VENGEANCE RGB,289
5454,MEMORIAS,DDR5 16G (5600) KINGSTON FURY BEAST RGB,289
5482,MEMORIAS,DDR5 16G (6000) VIPER PATRIOT VENOM,239
5474,MEMORIAS,DDR5 16G (6000) GSKILL RIPJAWS M5 RGB,269
5508,MEMORIAS,DDR5 16G (6000) XPG LANCER BLADE RGB NEGRA,269
5507,MEMORIAS,DDR5 16G (6000) XPG LANCER BLADE RGB BLANCA,275
5440,MEMORIAS,DDR5 16G (6000) CORSAIR VENGEANCE RGB,289
5513,MEMORIAS,DDR5 16G (6000) KINGSTON FURY BEAST BLANCA,309
5455,MEMORIAS,DDR5 16G (6000) KINGSTON FURY BEAST RGB,309
5509,MEMORIAS,DDR5 16G (6000) XPG LANCER NEON RGB,315
5472,MEMORIAS,DDR5 16G (6400) GSKILL RIPJAWS M5 RGB,335
5470,MEMORIAS,DDR5 16G (6400) KINGSTON RENEGADE RGB,349
5467,MEMORIAS,DDR5 16G (6800) KINGSTON FURY RENEGADE RGB,369
5447,MEMORIAS,DDR5 32G (5200) CORSAIR VENGEANCE,419
5481,MEMORIAS,DDR5 32G (5600) VIPER PATRIOT VENOM,405
5446,MEMORIAS,DDR5 32G (5600) CORSAIR VENGEANCE,449
5441,MEMORIAS,DDR5 32G (5600) KINGSTON FURY BEAST,475
5439,MEMORIAS,DDR5 32G (5600) PATRIOT VIPER GAMING BLCA ELITE 5 RGB,450
5499,MEMORIAS,DDR5 32G (5600) CORSAIR VENGEANCE RGB,499
5483,MEMORIAS,DDR5 32G (6000) VIPER PATRIOT VENOM,475
5438,MEMORIAS,DDR5 32G (6000) PATRIOT VIPER GAMING BLCA ELITE 5 RGB,499
5484,MEMORIAS,DDR5 32G (6000) VIPER PATRIOT VENOM RGB,499
5498,MEMORIAS,DDR5 32G (6000) CORSAIR VENGEANCE RGB,509
5487,MEMORIAS,KT DR5 32 (6000) CORSAIR DOMINATOR TITANIO RGB (16X2),729
5502,MEMORIAS,KIT DDR5 32G (6200) VIPER PATRIOT VENOM (16X2),519
5476,MEMORIAS,KIT DDR5 32G (6800) VIPER PATRIOT VENOM RGB (16X2),579
5495,MEMORIAS,KIT DDR5 32G (7200) COR DOMINATOR TITANIO RGB (16X2),895
5442,MEMORIAS,KIT DDR5 48G (5200) CORSAIR VENGEANCE RGB (24x2),725
5452,MEMORIAS,KT DR5 48G (6000) PATRIOT VIPER ELITE 5 TUF BLANCO RGB,835
5510,MEMORIAS,KIT DDR5 64G (6000) VIPER PATRIOT VENOM,939
5413,MEMORIAS,KIT DDR5 64G (5600) CORSAIR VENGEANCE RGB (32x2),959
5478,MEMORIAS,KIT DR5 64G (6000) CORSAIR VENGEANCE RGB (32x2) LAT 30,1209
5511,MEMORIAS,KIT DDR5 96G (5200) CORSAIR VENGEANCE (48x2),1069
5514,MEMORIAS,KIT DDR5 96G (6000) CORSAIR VENGEANCE RGB (48x2),1159
6011,MEMORIAS_PORTATIL,PORTATIL DDR3 4G (1600-L) SAMSUNG PULL USADO,42
6035,MEMORIAS_PORTATIL,PORTATIL DDR3 8G (1600-L) SAMSUNG PULL - USADA,80
6084,MEMORIAS_PORTATIL,PORTATIL DDR4 8G (3200) SAMSUNG PULL USADA,85
6077,MEMORIAS_PORTATIL,PORTATIL DDR4 8G (3200) CRUCIAL,99
6056,MEMORIAS_PORTATIL,PORTATIL DDR4 16G (2666) CRUCIAL,179
6078,MEMORIAS_PORTATIL,PORTATIL DDR4 16G (3200) CRUCIAL,189
6127,MEMORIAS_PORTATIL,PORTATIL DDR5 8G (5600) SAMSUNG,119
6095,MEMORIAS_PORTATIL,PORTATIL DDR5 16G (4800) ADATA,205
6130,MEMORIAS_PORTATIL,PORTATIL DDR5 16G (4800) CORSAIR VENGEANCE,225
6126,MEMORIAS_PORTATIL,PORTATIL DDR5 32G (5200) KINGSTON,415
6115,MEMORIAS_PORTATIL,PORTATIL DDR5 32G (5600) PATRIOT,399
6131,MEMORIAS_PORTATIL,PORTATIL DDR5 32G (5600) CORSAIR VENGEANCE,415
6129,MEMORIAS_PORTATIL,PORTATIL DDR5 32G (5600) KINGSTON,425
25052,MEMORIAS_ALMACENAMIENTO,MICRO SD 128GB KINGSTON CLASE 10 CANVAS SELEC PLUS,49
25066,MEMORIAS_ALMACENAMIENTO,MICRO SD 128GB KINGSTON CANVAS GO 200MB/S C10 4K,67
25044,MEMORIAS_ALMACENAMIENTO,MICRO SD 256GB KINGSTON CLASE 10 CANVAS SELEC PLUS,92
25065,MEMORIAS_ALMACENAMIENTO,MICRO SD 256GB KINGSTON CANVAS GO 200MB/S C10 4K,105
25064,MEMORIAS_ALMACENAMIENTO,MICRO SD 512GB KINGSTON CANVAS SELECT PLUS 100MB/S,189
25061,MEMORIAS_ALMACENAMIENTO,USB 128GB KINGSTON DT EXODIA M NEGRA-ROJA,34
25056,MEMORIAS_ALMACENAMIENTO,USB 128GB KINGSTON DT EXODIA NEGRA ONYX,34
25063,MEMORIAS_ALMACENAMIENTO,USB 256GB KINGSTON DT EXODIA M BLACK/TEAL,69
25057,MEMORIAS_ALMACENAMIENTO,USB 256GB KINGSTON DT EXODIA NEGRA ONYX,69
1102,PROCESADORES_INTEL,INTEL CORE i5 12400F(2.5-18M-6COR)XII NO VIDEO,629
1098,PROCESADORES_INTEL,INTEL CORE i5 12400 (2.5-18M-6CORE)-XII,789
1106,PROCESADORES_INTEL,INTEL CORE i7 12700F (2.1Gz-25M-12CR)XII NO VIDEO,1369
1107,PROCESADORES_INTEL,INTEL CORE i7 12700 (2.1Gz-25M-12COR) XII,
1133,PROCESADORES_INTEL,INTEL CORE i3 14100F (4.7-12M-4COR) XIV NO VIDEO,565
1131,PROCESADORES_INTEL,INTEL CORE i5 14400F (2.5-9.5M-10COR) XIV NO VIDEO,779
1124,PROCESADORES_INTEL,INTEL CORE i5 14600KF (3.5-24M-14COR)XIV NO VID/NO FAN,1149
1125,PROCESADORES_INTEL,INTEL CORE i5 14600K (3.5-24M-14COR)XIV NO FAN,1239
1134,PROCESADORES_INTEL,INTEL CORE i7 14700F (2.1-33M-20COR)XIV NO VIDEO,1659
1127,PROCESADORES_INTEL,INTEL CORE i7 14700 (3.4-33M-20COR) XIV,1769
1126,PROCESADORES_INTEL,INTEL CORE i7 14700KF (3.4-33M-20COR)XIV NO FAN/VID,1785
1123,PROCESADORES_INTEL,INTEL CORE i7 14700K (3.4-33M-20COR)XIV NO FAN,1965
1122,PROCESADORES_INTEL,INTEL CORE i9 14900K (3.2-36M-24COR) XIV NO FAN,2565
1142,PROCESADORES_INTEL,INTEL CORE ULTRA 7 265 (2.4-36M-20COR),1785
1137,PROCESADORES_INTEL,INTEL CORE ULTRA 7 265KF (3.9-30M-20COR)NO FAN/VID,1809
1136,PROCESADORES_INTEL,INTEL CORE ULTRA 7 265K (3.9-30M-20COR) NO FAN,1919
1139,PROCESADORES_INTEL,INTEL CORE ULTRA 9 285 (2.5-36M-24COR),3085
1138,PROCESADORES_INTEL,INTEL CORE ULTRA 9 285K (3.7-40M-24COR) NO FAN,3209
2075,PROCESADORES_AMD,AMD RYZEN 5-4500 (3.6-6CORE) AM4,435
2095,PROCESADORES_AMD,AMD RYZEN 5-5600GT (3.6-6CORE-RADEON) AM4,709
2062,PROCESADORES_AMD,AMD RYZEN 5-5600X (3.7-32M-6CORE) AM4,789
2069,PROCESADORES_AMD,AMD RYZEN 7-5700G (3.8-8CORE-RADEON) AM4,815
2073,PROCESADORES_AMD,AMD RYZEN 7-5700X (3.4-32M-8CORE) AM4 NOFAN,925
2079,PROCESADORES_AMD,AMD RYZEN 5-7600X (4.7-6CORE RADEON) AM5 NOFAN,1149
2085,PROCESADORES_AMD,AMD RYZEN 7-7700 (3.8-8CORE-RADEON) AM5,1579
2080,PROCESADORES_AMD,AMD RYZEN 7-7700X (4.5Gz-8CR-RADEON)AM5 NO FAN,1659
2081,PROCESADORES_AMD,AMD RYZEN 9-7900X (4.7Gz-12CR RADEON)AM5 NO FAN,2029
2082,PROCESADORES_AMD,AMD RYZEN 9-7950X (4.5Gz-16CR RADEON)AM5 NO FAN,2799
2094,PROCESADORES_AMD,AMD RYZEN 5 8500G (3.5-6COR-RADEON)AM5,789
2092,PROCESADORES_AMD,AMD RYZEN 5 8600G (4.3-6CORE-RADEON)AM5,1015
2093,PROCESADORES_AMD,AMD RYZEN 7 8700G (4.2-8CORE-RADEON)AM5,1499
2096,PROCESADORES_AMD,AMD RYZEN 5 9600X (5.4-6CORE-RADEON)AM5 NO FAN,1219
2097,PROCESADORES_AMD,AMD RYZEN 7 9700X (5.5-8CORE-RADEON)AM5 NO FAN,1709
2101,PROCESADORES_AMD,AMD RYZEN 7 9800X 3D (5.2-8CORE-RADEON)AM5 NO FAN,2599
2098,PROCESADORES_AMD,AMD RYZEN 9 9900X (5.6-12COR-RADEON) AM5 NO FAN,2249
2103,PROCESADORES_AMD,AMD RYZEN 9 9900X 3D(5.5-12COR-RADEON) AM5 NO FAN,3379
2102,PROCESADORES_AMD,AMD RYZEN 9 9950X 3D (5.7-16COR-RADEON)AM5 NO FAN,3729
33394,BOARDS_INTEL_LGA1200,ASUS PRIME H510M-F R3.0 PCIEX USB3.2 HDMI X XI XII,349
33387,BOARDS_INTEL_LGA1700,ASUS PRIME H610M-K D4 CSM Pciexp 2DDR4 XII XIII XIV,429
33320,BOARDS_INTEL_LGA1700,ASUS B760M-A D4 3GPU USB 3.2 TIPO-C 4DDR4 XII XIII XIV,589
33368,BOARDS_INTEL_LGA1700,ASUS B760M-A AX6 II WIFI 6 4 GPU USB 3.2 4DDR5 XII XIII XIV,769
33310,BOARDS_INTEL_LGA1700,ASUS/ROG B760-I ITX GAMING WiFi 2DDR5 XII XIII XIV,899
33358,BOARDS_INTEL_LGA1700,ASUS/TUF B760M-PLUS GAMING WiFi II 4DDR5 XII XIII XIV,1029
33298,BOARDS_INTEL_LGA1700,ASUS TUF Z790 PLUS GAMING WIFI 2GPU 4DDR5 XII XIII XIV,1320
33390,BOARDS_INTEL_LGA1700,GIGABYTE H610M H V2 DDR4 Pciexp 2DDR5 XII XIII XIV,419
33386,BOARDS_INTEL_LGA1700,GIGABYTE B760M D3HP DDR4 PCIEXP 4DDR4 XII XIII XIV,519
33392,BOARDS_INTEL_LGA1700,GIGABYTE B760M D3HP WIFI 6 PCIEXP 4 4DDR5 XII XIII XIV,629
33360,BOARDS_INTEL_LGA1700,MSI B760M GAMING PLUS WIFI 2 GPU 4DDR5 XII XIII XIV,755
33337,BOARDS_INTEL_LGA1700,MSI B760 GAMING PLUS WiFi 5 GPU USB 3.2 4DDR5 XII XIII XIV,869
33393,BOARDS_INTEL_LGA1700,MSI B760 TOMAHAWK WIFI 2 GPU PCI 5.0 4DDR5 XII XIII XIV,979
33373,BOARDS_INTEL_LGA1851,ASUS PRIME B860M-A 2GPU USB-C PCI 5.0 4DDR5,835
33369,BOARDS_INTEL_LGA1851,ASUS TUF B860M-PLUS GAMING WIFI PCI5.0 4DDR5,1149
33370,BOARDS_INTEL_LGA1851,ASUS ROG B860-A STRIX GAMING WIFI PC 5.0 4DDR5,1389
33371,BOARDS_INTEL_LGA1851,ASUS ROG B860-F STRIX GAMING WiFi PCI5.0 4DDR5,1479
33372,BOARDS_INTEL_LGA1851,ASUS Z890 AYW GAMING WIFI W 4GPU USB-C BLANCA 4DDR5,1219
33363,BOARDS_INTEL_LGA1851,ASUS PRIME Z890M PLUS WIFI 4GPU DP USB-C 4DDR5,1255
33361,BOARDS_INTEL_LGA1851,ASUS PRIME Z890-P WIFI 4 GPU THUNDERBOLT 4DDR5,1379
33365,BOARDS_INTEL_LGA1851,ASUS ROG STRIX Z890-F GAMING WiFi. 2 GPU 4DDR5,2249
33385,BOARDS_INTEL_LGA1851,ASUS ROG MAXIMUS Z890 HERO WiFi 2GPU 4DDR5,3685
33391,BOARDS_INTEL_LGA1851,GIGABYTE B860M E PciexP 4 USB 3.2 4DDR5,565
33383,BOARDS_INTEL_LGA1851,GIGABYTE B860 AORUS ELITE WiFi ICE PCI 5.0 4DDR5 BLANCA,1129
33379,BOARDS_INTEL_LGA1851,GIGABYTE Z890 AORUS ELITE WiFi ICE 3 GPU 4DDR5 BLANCA,1449
33375,BOARDS_INTEL_LGA1851,MSI B860 GAMING PLUS WIFI 4 GPU THUNDERBOLT 4DDR5,1015
33374,BOARDS_INTEL_LGA1851,MSI PRO Z890-S WIFI 4 GPU THUNDERBOLT 4DDR5,1265
33366,BOARDS_INTEL_LGA1851,MSI PRO Z890-P WIFI 3 GPU PCI 5.0 THUNDERBOLT 4DDR5,1329
34148,BOARDS_AMD_AM4,ASUS PRIME A520M-K Micro 3.2 HDMIA V R Pciexp 2DDR4 RYZ,337
34206,BOARDS_AMD_AM4,ASUS/PRIME A520M-A II CSM Mic U3.2 A V R Pciexp 4DDR4 RYZ,415
34297,BOARDS_AMD_AM4,ASUS TUF A520M-PLUS GAMING WIFI PCIEX USB 3.2 4DDR4 RYZ,529
34180,BOARDS_AMD_AM4,ASUS PRIME B550M-A AC WiFi MICRO A.V.R PCIEXP 4DDR4 RYZ,549
34217,BOARDS_AMD_AM4,ASUS TUF GAMING B550M PLUS WIFI II 2 GPU A.R 4DDR4 RYZ,789
34210,BOARDS_AMD_AM4,GIGABYTE A520M DS3H AC WiFi A.V.R PCIEXP 4DDR4 RYZ,450
34179,BOARDS_AMD_AM4,MSI A520M-A PRO Micro USB3.2 A.V.R Pciexp 2DDR4 RYZ,329
34167,BOARDS_AMD_AM4,MSI PRO B550M VDH WIFI PCIEXP USB.3.2 4DDR4 RYZ,519
34224,BOARDS_AMD_AM4,MSI B550 GAMING PLUS CROSS A.V.R 4DDR4 RYZ,749
34269,BOARDS_AMD_AM5,ASUS PRIME A620M-K PCIEXP HDMI VGA TIPO-A 2DDR5 RYZ,449
34242,BOARDS_AMD_AM5,ASUS PRIME A620M-A CSM PCIEX USB 3.2 4DDR5 RYZ,629
34243,BOARDS_AMD_AM5,ASUS TUF A620M GAMING PLUS WiFi USB3.2 4DDR5 RYZ,729
34309,BOARDS_AMD_AM5,ASUS B650M-A AYW WIFI 2 GPU M.2 2DDR5 RYZ,709
34304,BOARDS_AMD_AM5,ASUS PRIME B650M-A AX6 II WIFI 3 GPU USB3.2 4DDR5 RYZ,779
34228,BOARDS_AMD_AM5,ASUS ROG B650-A STRIX GAMING WiFi 2GPU 4DDR5 RYZ,1230
34232,BOARDS_AMD_AM5,ASUS ROG B650E-F STRIX GAMING WiFi 2GPU 4DDR5 RYZ,1519
34288,BOARDS_AMD_AM5,ASUS PRIME B840M-A WIFI 3 GPU PCI 4.0 4DDR5 RYZ,835
34291,BOARDS_AMD_AM5,ASUS B840-PLUS WiFi 4GPU PCI 4.0 4DDR5 RYZ,925
34290,BOARDS_AMD_AM5,ASUS TUF B850M-PLUS WIFI PCI 5.0 4DDR5 RYZ,1209
34289,BOARDS_AMD_AM5,ASUS TUF B850-PLUS WIFI 2 GPU PCI 5.0 4DDR5 RYZ,1265
34307,BOARDS_AMD_AM5,ASUS ROG STRIX B850-A GAMING WiFi 2GPU 4DDR5 RYZ,1489
34292,BOARDS_AMD_AM5,ASUS ROG B850-F STRIX GAMING WIFI 2 GPU 4DDR5 RYZ,1595
34282,BOARDS_AMD_AM5,ASUS PRIME X870-P WIFI 4 GPU 3 M.2 HDMI 4DDR5 RYZ,1399
34281,BOARDS_AMD_AM5,ASUS TUF X870 GAMING PLUS WIFI 2GPU 4DDR5 RYZ,1569
34306,BOARDS_AMD_AM5,ASUS ROG STRIX X870-A GAMING WIFi 2GPU 4DDR5 RYZ,1699
34280,BOARDS_AMD_AM5,ASUS ROG X870E-E STRIX GAMING WIFI 2GPU 4DDR5 RYZ,2599
34311,BOARDS_AMD_AM5,ASUS ROG CROSSHAIR X870E HERO WIFI 2GPU 4DDR5 RYZ,3669
34310,BOARDS_AMD_AM5,GIGABYTE B650M D2H Pciex 4 USB 3.2 2DDR5 RYZ,539
34295,BOARDS_AMD_AM5,GIGABYTE B850M GAMING X WiFi6 A.V.R 2Pciexp 4DDR5 RYZ,1049
34265,BOARDS_AMD_AM5,MSI B650 GAMING PLUS WiFi 2 GPU USB 3.2 4DDR5 RYZEN,979
34259,BOARDS_AMD_AM5,MSI MAG B650 TOMAHAWK WiFi 2GPU 4DDR5 RYZEN,1175
34300,BOARDS_AMD_AM5,MSI PRO B850-P WIFI 4 GPU PCI5.0 USB-C 4DDR5 RYZEN,1049
34299,BOARDS_AMD_AM5,MSI B850 GAMING PLUS WIFI 4 GPU PCI 5.0 4DDR5 RYZEN,1119
34298,BOARDS_AMD_AM5,MSI X870 GAMING PLUS WIFI 4 GPU PCI 5.0 4DDR5 RYZEN,1409
34287,BOARDS_AMD_AM5,MSI MAG X870 TOMAHAWK WIFI 3 GPU PCI 5.0 4DDR5 RYZ,1579
34308,BOARDS_AMD_AM5,MSI MAG X870E TOMAHAWK WIFI 3 GPU PCI 5.0 4DDR5 RYZ,1659
3650,TARJETAS_VIDEO,6 GIGAS MSI GEFORCE RTX-3050 LOW PRO OC,939
3644,TARJETAS_VIDEO,6 GIGAS MSI GEFORCE RTX-3050 VENTUS 2X OC,969
3697,TARJETAS_VIDEO,6 GIGAS GIGABYTE GEFORCE RTX-3050 WINFORCE OC,995
3645,TARJETAS_VIDEO,6 GIGAS ASUS GEFORCE RTX-3050 DUAL AUTO EX OC,999
4182,TARJETAS_VIDEO,8 GIGAS ASUS AMD RADEON RX 9060XT DUAL,1989
4183,TARJETAS_VIDEO,8 GIGAS ASUS PRIME AMD RADEON RX 9060XT OC 3 FAN,2145
3682,TARJETAS_VIDEO,8 GIGAS ASUS GEFORCE RTX-4060 DUAL V2,1775
3751,TARJETAS_VIDEO,8 GIGAS MSI GEFORCE RTX-5060 SHADOW 2X OC,1839
3745,TARJETAS_VIDEO,8 GIGAS ASUS GEFORCE RTX-5060 DUAL OC,1879
3740,TARJETAS_VIDEO,8 GIGAS MSI GEFORCE RTX-5060 GAMING OC 2X,2069
3747,TARJETAS_VIDEO,8 GIGAS ASUS TUF GEFORCE RTX-5060 DUAL OC,2125
3744,TARJETAS_VIDEO,8 GIGAS MSI GEFORCE RTX-5060 GAMING TRIO OC 3X,2179
3736,TARJETAS_VIDEO,8 GIGAS GIGABYTE GEFORCE RTX-5060Ti WINF,2289
3746,TARJETAS_VIDEO,8 GIGAS ASUS GEFORCE RTX-5060Ti DUAL OC,2329
3743,TARJETAS_VIDEO,8 GIGAS MSI GEFORCE RTX-5060Ti GAMING OC 2X,2359
3737,TARJETAS_VIDEO,8 GIGAS MSI GEFORCE RTX-5060Ti GAMING TRIO OC 3X NEGRA,2485
3742,TARJETAS_VIDEO,8 GIGAS MSI GEFORCE RTX-5060Ti GAMING TRIO OC 3X BLANCA,2485
45484,TARJETAS_VIDEO,SOPORTE PARA GPU ANTEC ARGB SUPPORT BRACKET,95
45277,TARJETAS_VIDEO,SOPORTE PARA GPU BRACKET ARGB COOLER MASTER,95
45486,TARJETAS_VIDEO,SOPORTE PARA GPU TEMPERED GLASS ANTEC HOLDER ARGB,105
45468,TARJETAS_VIDEO,SOPORTE PARA GPU BRACKET ARGB COOLER MASTER ATLAS,165
3369,TARJETAS_VIDEO,12 GIGAS MSI GEFORCE RTX-3060 VENTUS OC 2X,1695
3720,TARJETAS_VIDEO,12 GIGAS MSI GEFORCE RTX-5070 VENTUS 2X OC,3499
3739,TARJETAS_VIDEO,12 GIGAS ASUS GEFORCE RTX-5070 DUAL,3579
3732,TARJETAS_VIDEO,12 GIGAS MSI GEFORCE RTX-5070 VENTUS 3X OC,3649
3727,TARJETAS_VIDEO,12 GIGAS ASUS PRIME GEF.RTX-5070 OC 3 FAN,3685
3723,TARJETAS_VIDEO,12 GIGAS GIGABYTE GEF. RTX-5070 EAGLE OC SFF WIN 3X,3719
3724,TARJETAS_VIDEO,12 GIGAS GIGABYTE GEF. RTX-5070 GAMING OC WIN 3X,3830
4185,TARJETAS_VIDEO,16 GIGAS ASUS PRIME AMD RADEON RX 9060XT OC 3X,2485
4184,TARJETAS_VIDEO,16 GIGAS ASUS TUF AMD RADEON RX 9060XT OC 3X,2620
3741,TARJETAS_VIDEO,16 GIGAS MSI GEFORCE RTX-5060Ti VENTUS OC 2X,2599
3728,TARJETAS_VIDEO,16 GIGAS ASUS GEFORCE RTX-5060Ti DUAL OC,2665
3735,TARJETAS_VIDEO,16 GIGAS PALIT GEFORCE RTX-5060Ti INFINITY 3X,2679
4177,TARJETAS_VIDEO,16 GIGAS ASUS PRIME AMD RADEON RX 9070XT OC 3X,3949
3749,TARJETAS_VIDEO,16 GIGAS GIGABYTE GEFORCE RTX-5070Ti GAMING OC WF 3X,5159
3703,TARJETAS_VIDEO,16 GIGAS ASUS TUF GERFORCE RTX-5070Ti OC 3X,5389
3750,TARJETAS_VIDEO,16 GIGAS GIGABYTE GEFORCE RTX-5070Ti AORUS MASTER OC WF,5599
3694,TARJETAS_VIDEO,16 GIGAS GIGABYTE GEF. RTX-5080 GAMING OC WINF 3X,7559
3701,TARJETAS_VIDEO,16 GIGAS GIGABYTE GEF. RTX-5080 AERO OC SFF BLANCO,7559
3704,TARJETAS_VIDEO,16 GIGAS ASUS TUF GEFORCE RTX-5080 OC GAMING 3FAN,7785
3693,TARJETAS_VIDEO,16 GIGAS GIGABYTE GEF. RTX-5080 AORUS MASTER 3X WF,7999
3733,TARJETAS_VIDEO,32 GIGAS PALIT GEFORCE RTX-5090 ARGB GAMEROCK,13999
3717,TARJETAS_VIDEO,32 GIGAS ASUS TUF GEFORCE RTX-5090 3FAN,14919
3708,TARJETAS_VIDEO,32 GIGAS ASUS ROG ASTRAL RTX-5090 OC 3FAN,16049
45523,GAFAS_VR,GAFAS VR META QUEST 3 512GB 4K JUEGO BATMAN INCLUIDO,3255
12058,ALMACENAMIENTO_SSD,SOLIDO SATA (SSD) 240GB CRUCIAL BX500,112
12137,ALMACENAMIENTO_SSD,SOLIDO SATA (SSD) 256G PATRIOT P220,99
12132,ALMACENAMIENTO_SSD,SOLIDO SATA (SSD) 500GB CRUCIAL BX500,179
12135,ALMACENAMIENTO_SSD,SOLIDO SATA (SSD) 512GB P220 PATRIOT,159
12136,ALMACENAMIENTO_SSD,SOLIDO SATA (SSD) 1TB P220 PATRIOT,279
12107,ALMACENAMIENTO_SSD,SOLIDO SATA (SSD) 1TB CRUCIAL BX500,305
12134,ALMACENAMIENTO_SSD,SOLIDO SATA (SSD) 2TB P220 PATRIOT,509
12116,ALMACENAMIENTO_SSD,SOLIDO SATA (SSD) 2TB CRUCIAL BX500,565
13215,ALMACENAMIENTO_NVME,SSD (M2) NVMe 256GB PATRIOT P320 (2200x1200),119
13206,ALMACENAMIENTO_NVME,SSD (M2) NVMe 500GB CRUCIAL P3 PLUS (4700x1900),199
13222,ALMACENAMIENTO_NVME,SSD (M2) NVMe 500GB KINGSTON NV3 (5000x3000),209
13214,ALMACENAMIENTO_NVME,SSD (M2) NVMe 512GB PATRIOT P320 (3000x2200),175
13207,ALMACENAMIENTO_NVME,SSD (M2) NVMe 1TB CRUCIAL P3 PLUS (5000x3600),309
13223,ALMACENAMIENTO_NVME,SSD (M2) NVMe 1TB KINGSTON NV3 (6000x4000),319
13241,ALMACENAMIENTO_NVME,SSD (M2) NVMe 1TB CORSAIR MP600 CORE XT TR2 (5900x5000),385
13197,ALMACENAMIENTO_NVME,SSD (M2) NVMe 1TB PATRIOT VIPER VP4300 LITE (7400x6400),399
13239,ALMACENAMIENTO_NVME,SSD (M2) NVMe 1TB CRUCIAL P310 (7100x6000),439
13236,ALMACENAMIENTO_NVME,SSD (M2) NVMe 1TB SAMSUNG 990 EVO PLUS (7150X6300),515
13199,ALMACENAMIENTO_NVME,SSD (M2) NVMe 1TB SAMSUNG 990 PRO PS5 (7450x6900),629
13234,ALMACENAMIENTO_NVME,SSD (M2) NVMe 1TB CORSAIR MP700 PRO GEN5 (9600x11700),789
13235,ALMACENAMIENTO_NVME,SSD (M2) NVMe 1TB CORSAIR MP700 PRO (9600x11700) DISIPADO,899
13219,ALMACENAMIENTO_NVME,SSD (M2) NVMe 2TB PATRIOT P320 (3200x2200),519
13225,ALMACENAMIENTO_NVME,SSD (M2) NVMe 2TB KINGSTON NV3 (6000x5000),609
13242,ALMACENAMIENTO_NVME,SSD (M2) NVMe 2TB CORSAIR MP600 CORE XT TR2 (5900x5000),699
13198,ALMACENAMIENTO_NVME,SSD (M2) NVMe 2TB SN850X W BLACK (7300x6600),849
13213,ALMACENAMIENTO_NVME,SSD (M2) NVMe 2TB SN850X W BLACK (7300x6600) DISIPADO,889
13237,ALMACENAMIENTO_NVME,SSD (M2) NVMe 2TB SAMSUNG SSD 990 EVO PLUS (7250x6300),885
13208,ALMACENAMIENTO_NVME,SSD (M2) NVMe 2TB SAMSUNG 990 PRO PS5 (7450x6900),949
13233,ALMACENAMIENTO_NVME,(M2) NVMe 2TB CORSAIR MP700 PRO GEN5 (11800x12400)DISIPADO,1345
13194,ALMACENAMIENTO_NVME,SSD (M2) NVMe 4TB PATRIOT VIPER VP4300 LITE (7400x6400),1239
13226,ALMACENAMIENTO_NVME,SSD (M2) NVMe 4TB KINGSTON NV3 (6000x5000),1255
7078,ALMACENAMIENTO_HDD,4 TERAS SATA III SEAGATE SKYHAWK 3.5 DVR 24/7 SURVEILLANCE,459
7079,ALMACENAMIENTO_HDD,6 TERAS SATA III SEAGATE SKYHAWK 3.5" DVR 24/7 SURVEILLANCE,715
7076,ALMACENAMIENTO_HDD,6 TERAS SATA WESTERN DIGITAL CAVIAR PURPLE DVR 24/7,715
9059,ALMACENAMIENTO_EXTERNO,EXTERNO SSD USB-C 1TB KINGSTON XS1000 (1000X1000),405
9068,ALMACENAMIENTO_EXTERNO,EXTERNO SSD USB-C 1TB CORSAIR 1TB EX400U (4000x3600),485
9067,ALMACENAMIENTO_EXTERNO,EXTERNO SSD USB-C 2TB KINGSTON XS1000R (1000x1000)ROJO,519
9062,ALMACENAMIENTO_EXTERNO,EXT SSD USB-C 2 T ADATA SD810 (2000x2000)ANTI GOLPE/AGUA,679
9064,ALMACENAMIENTO_EXTERNO,EXTERNO SSD USB-C 2TB CORSAIR GEN2X2 (1600x1500),679
9057,ALMACENAMIENTO_EXTERNO,EXTERNO SSD USB-C 2TB KINGSTON XS2000 (2000x2000),679
9069,ALMACENAMIENTO_EXTERNO,EXTERNO SSD USB-C 2TB CORSAIR EX400U (4000x3600),880
9066,ALMACENAMIENTO_EXTERNO,EXTERNO SSD USB-C 4TB KINGSTON XS2000 (2000x2000),1459
9070,ALMACENAMIENTO_EXTERNO,EXTERNO SSD USB-C 4TB CORSAIR EX400U (4000x3600),1639
16513,CAJAS,CAJA ANTEC CX200M ELITE VID. TEMP. + 5 RGB FIJO NEGRO,269
16512,CAJAS,CAJA ANTEC CX200M ELITE VID. TEMP. + 5 RGB FIJO BLANCO,279
16558,CAJAS,CAJA ANTEC AX63 VIDRIO TEMPLADO WOOD MADERA ARGB,325
16481,CAJAS,CAJA ANTEC AX81 ELITE VIDRIO TEMPLADO + 4 FAN ARGB,325
16541,CAJAS,CAJA ANTEC CX500M VIDRIO TEMPLADO + 3 ARGB NEGRO,369
16553,CAJAS,CAJA ANTEC CX500M VIDRIO TEMPLADO + 3 ARGB BLANCA,389
16555,CAJAS,CAJA ANTEC CX800 VIDRIO TEMPLADO + 4 ARGB,379
16511,CAJAS,CAJA ANTEC CX700 ELITE VIDRIO TEMPLADO + 6 RGB FIJO NEGRO,409
16560,CAJAS,CAJA ANTEC CX600M VIDRIO TEMPLADO + 3 ARGB,389
16544,CAJAS,CAJA ANTEC CX600M WOOD MADERA V. T. + 3ARGB NEGRA,409
16542,CAJAS,CAJA ANTEC CX600M TRIO VID. TEMP + 3 ARGB NEGRO,409
16543,CAJAS,CAJA ANTEC CX600M TRIO VID. TEMP. + 3 ARGB BLANCO,429
16545,CAJAS,CAJA ANTEC CX700 VID. TEMP. + 3ARGB NEGRA,429
16554,CAJAS,CAJA ANTEC CX700 VID. TEMP + 3ARGB BLANCA,449
16514,CAJAS,CAJA ANTEC C3 VIDRIO TEMPLADO + 4 ARGB NEGRO,499
16490,CAJAS,CAJA ANTEC DF700 FLUX VID. TEMP BLANCA 3ARGB+2 NO RGB,569
16509,CAJAS,CAJA ANTEC C5 VIDRIO TEMPLADO + 7 ARGB NEGRO,639
16548,CAJAS,CAJA ANTEC C7 V.T. + 3 ARGB 120m + 1 ARGB 140m NEGRO,699
16506,CAJAS,CAJA ANTEC C8 VID TEM + 2 ARGB 160M + 1 ARGB 140M NEGRO,775
16505,CAJAS,CAJA ANTEC C8 VID TEM + 2 ARGB 160M + 1 ARGB 140M BLANCO,799
16493,CAJAS,CAJA ANTEC TORQUE BE EXPLOSIVE VID .TEMP NEGRA / BLANCA,2089
16461,CAJAS,CAJA ASUS TUF GAMING GT301 VID. TEMP + 3ARGB,520
16241,CAJAS,CAJA COOLER MASTER MB320L VID. TEM. + 2 ARGB,310
16287,CAJAS,CAJA COOLER MASTER MASTERBOX MB311L ARGB,329
16391,CAJAS,CAJA COOLER MASTER MASTERBOX 500 V.T.ARGB,395
16392,CAJAS,CAJA COOLER MASTER BOX 520 MESH V.T.3ARGB BLANCO,415
16214,CAJAS,CAJA COOLER MASTER BOX MB511 V.T.3ARGB,425
16352,CAJAS,CAJA COOLER MASTER MASTERBOX 540 V.T.ARGB,459
16384,CAJAS,CAJA COOLER MASTER BOX 520 V.T.3ARGB BLANCO,459
16353,CAJAS,CAJA COOLER MASTERFRAME 700 FULL TORRE,779
16375,CAJAS,CAJA COOLER MASTER COSMOS C700M RGB+4FAN BLANCA,1965
16549,CAJAS,CAJA CORSAIR 480T VID. TEMP. AIRFLOW + 3ARGB AR120 NGA,315
16563,CAJAS,CAJA CORSAIR 4000D FRAME RS VIDRIO TEMPLADO NEGRA,419
16564,CAJAS,CAJA CORSAIR 4000D FRAME RS VIDRIO TEMPLADO BLANCA,419
16532,CAJAS,CAJA CORSAIR 3500X VIDRIO TEMPLADO + 3 FAN ARGB NEGRA,499
16534,CAJAS,CAJA CORSAIR 5000D AIRFLOW CORE V.T. NO FAN NEGRO,515
16530,CAJAS,CAJA CORSAIR 2500X VIDRIO TEMPLADO NO FAN NEGRA,629
16364,CAJAS,CAJA CORSAIR 5000T VIDRIO TEMPLADO 3 FAN RGB BLANCO,775
16535,CAJAS,CAJA CORSAIR 6500X VIDRIO TEMPLADO NO FAN NEGRA,799
16336,CAJAS,CAJA COUGAR ARCHON-2 MESH VID. TEMP.+3ARGB NEGRO,279
16337,CAJAS,CAJA COUGAR ARCHON-2 MESH VID. TEMP.+3ARGB BLANCA,279
16528,CAJAS,CAJA COUGAR MX220 VID. TEMP. + 4 ARGB NEGRA,299
16527,CAJAS,CAJA COUGAR MX220 VID. TEMP. + 4 ARGB BLANCA,299
16428,CAJAS,CAJA COUGAR DUOFACE PRO VID. TEMP. + 4 ARGB NEGRA,389
16526,CAJAS,CAJA COUGAR FV150 VID. TEMP. + 4 FAN ARGB ROSA,389
16551,CAJAS,CAJA COUGAR AIRFACE ECO V.T. + 1ARGB 120m +2ARGB 180m,469
16495,CAJAS,CAJA COUGAR MX600 FULL TOWER VID. TEM. + 4 RGB NEGRA,515
16566,CAJAS,CAJA COUGAR COUGAR FV270 V.T + 3 FAN SC140 ARGB NEGRA,755
16317,CAJAS,CAJA COUGAR CONQUER V.T. FULL TW.,935
16571,CAJAS,CAJA XPG VALOR AIR PLUS VID. TEMP + 4ARGB NEGRO,269
16572,CAJAS,CAJA XPG VALOR AIR PLUS VID. TEMP + 4ARGB BLANCO,279
16205,CAJAS,CAJA XPG INVADER VID.TEMP. ARGB NEGRA,299
16206,CAJAS,CAJA XPG INVADER VID.TEMP. ARGB BLANCA,299
16567,CAJAS,CAJA XPG INVADER X MINI VID TEMP + 5ARGB NEGRO,315
16568,CAJAS,CAJA XPG INVADER X MINI VID TEMP + 5ARGB BLANCO,325
16309,CAJAS,CAJA XPG DEFENDER PRO VID. TEMP+3ARGB BLANCO,395
16570,CAJAS,CAJA XPG STARKER AIR BTF VID. TEMP. + 4ARGB BLANCO,419
16569,CAJAS,CAJA XPG STARKER AIR BTF VID. TEMP. + 4ARGB NEGRO,419
16204,CAJAS,CAJA XPG BATTLECRUISER VID. TEM. + 4 FAN ARGB BLANCA,519
16464,CAJAS,CAJA XPG BATTLECRUISER II V.T.+4ARGB BLANCA FULL TOWER,625
16503,CAJAS,CAJA XPG INVADER X BLANCA VID. TEMP + 5ARGB + RISER 4.0,729
18032,REGULADORES_UPS_FUENTES,REGULADOR WATTANA 2000VA / 1000W / 8TOMAS,72
18038,REGULADORES_UPS_FUENTES,UPS INTERACTIVA CDP 1000VA / 500W / 8TOMAS,209
18036,REGULADORES_UPS_FUENTES,UPS INTERACTIVA HIKVISION 600VA / 360W,155
18030,REGULADORES_UPS_FUENTES,UPS INTERACTIVA UNITEC 1200 / 800VA / 480W,202
18039,REGULADORES_UPS_FUENTES,UPS INTERACTIVA WATTANA ST-U ULTRA /1200VA / 600W,315
18035,REGULADORES_UPS_FUENTES,UPS INTERACTIVA WATTANA ST-U ULTRA /2200VA/1100W,565
14243,REGULADORES_UPS_FUENTES,FUENTE ANTEC G750W 80P GOLD 115V SEMI MODULAR,345
14230,REGULADORES_UPS_FUENTES,FUENTE ANTEC NE750G M NeoECO 80 PLUS GOLD F.MODULAR,479
14171,REGULADORES_UPS_FUENTES,FUENTE ASUS ROG STRIX 850W 80P GOLD MODULAR,909
14245,REGULADORES_UPS_FUENTES,FUENTE CORSAIR 650W 80 PLUS CX650 BRONZE,289
14241,REGULADORES_UPS_FUENTES,FUENTE CORSAIR 750W 80 PLUS CX750 BRONZE,315
14247,REGULADORES_UPS_FUENTES,FUENTE CORSAIR 850W 80 PLUS RM850E GOLD PCI 5.1 MODULAR,545
14246,REGULADORES_UPS_FUENTES,FUENTE CORSAIR 1000W RM1000E GOLD PCI 5.0 MODULAR,785
14202,REGULADORES_UPS_FUENTES,FUENTE COUGAR ATLAS 650W 80 P BRONZE,259
14203,REGULADORES_UPS_FUENTES,FUENTE COUGAR ATLAS 750W 80 P BRONZE,305
14249,REGULADORES_UPS_FUENTES,FUENTE COUGAR GLE 1000W 80P GOLD PCI 5.1 MODULAR,725
14248,REGULADORES_UPS_FUENTES,FUENTE COUGAR GLE 1200W 80P GOLD PCI 5.1 MODULADOR,945
14181,REGULADORES_UPS_FUENTES,FUENTE GIGABYTE 1000W UD GOLD GP-UD1000GM FULL MODULAR,749
14239,REGULADORES_UPS_FUENTES,FUENTE XPG 600W PROBE 80P BRONZE,239
14240,REGULADORES_UPS_FUENTES,FUENTE XPG 700W PROBE 80P BRONZE,289
14228,REGULADORES_UPS_FUENTES,FUENTE XPG 850W KYBER 80P GOLD,439
14252,REGULADORES_UPS_FUENTES,FUENTE XPG 850W CORE REACTOR II 80P GOLD MODULAR,545
14254,REGULADORES_UPS_FUENTES,FUENTE XPG 1000W CORE REACTOR II 80P GOLD MODULAR,755
45407,REFRIGERACION,BASE REFRIGERANTE PORTATIL STAR TEC ST-CP-11,34
45532,REFRIGERACION,BASE REFRIGERANTE PORTATIL UNITEC NCP-064 2 FAN,39
45350,REFRIGERACION,BASE REFRIGERANTE PORTATIL WATTANA W-BR10 RGB,74
45491,REFRIGERACION,BASE PARA PORTATIL NB FP-2 10"-17",66
26116,REFRIGERACION,VENTILADOR ANTEC F12 RACING ARGB,43
26092,REFRIGERACION,VENTILADOR COOLER MASTER SICKLEFLOW 120 ARGB BLANCO,63
26126,REFRIGERACION,VENTILADOR CORSAIR ICUE LINK RX120 RGB MAGNETICO NEGRO,145
26120,REFRIGERACION,VENTILADOR COUGAR SC140-FB MAGNETICO ARGB,91
26060,REFRIGERACION,VENTILADOR XPG VENTO 120 NO RGB,27
26127,REFRIGERACION,VENTILADOR XPG VENTO R 120 ARGB INVERSO PWM BLANCO,49
26123,REFRIGERACION,VENTILADOR XPG VENTO R 120 ARGB INVERSO PWM NEGRO,49
26117,REFRIGERACION,KITx3 VENTILADORES ANTEC F12 RACING ARGB+CONTROLADOR,125
26124,REFRIGERACION,KITx3 VENTILADORES ANTEC C120 ARGB,125
26125,REFRIGERACION,KITx3 VENTILADORES ANTEC C120 ARGB INVERSO,125
26115,REFRIGERACION,KITx3 VENTILADORES ANTEC NEON 120 ARGB+CONTROLADOR,139
26104,REFRIGERACION,KITx3 VENTILADOR CORSAIR AR120 ARGB,159
26106,REFRIGERACION,KITx3 VENTILADORES CORSAIR ICUE LINK QX120 RGB BLANCA,385
26118,REFRIGERACION,KITx3 VENTIL CORSAIR ICUE LINK RX120 RGB MAGNETICOS NEGRO,385
26119,REFRIGERACION,KITx3 VENTILADOR CORSAIR ICUE LINK RX120 MAGNETICOS RGB BLANCO,385
26121,REFRIGERACION,KITx3 VENTIL COUGAR 120 APOLAR ARGB INVERSO MAGNETICOS NEGRO,249
26122,REFRIGERACION,KITx3 VENTIL COUGAR 120 APOLAR ARGB INVERSO MAGNETICOS BLANCOS,259
26128,REFRIGERACION,KITx4 VENTILADORES HURRICANE MAGNETICOS 120 ARGB PWM NEG,439
26129,REFRIGERACION,KITx4 VENTILADORES HURRICANE MAGNETICOS 120 ARGB PWM BLA,439
10101,REFRIGERACION,DISIPADOR ANTEC A30 NEO NEGRO,87
10081,REFRIGERACION,DISIPADOR ANTEC A30 NEO ARGB,105
10089,REFRIGERACION,DISIPADOR ANTEC A400I NEON RGB,115
10097,REFRIGERACION,DISIPADOR ARCTIC FREEZER 36 ARGB NEGRO,225
10098,REFRIGERACION,DISIPADOR ARCTIC FREEZER 36 ARGB BLANCO,225
10077,REFRIGERACION,DISIPADOR COOLER MASTER HYPER 212 SPECTRUM V3 ARGB,127
10080,REFRIGERACION,DISIPADOR COUGAR FORZA 85 ARGB,315
10078,REFRIGERACION,DISIPADOR COUGAR FORZA 135,369
11134,REFRIGERACION,REFRIGERACION ANTEC SYMPHONY 240 ARGB NEGRA,355
11166,REFRIGERACION,REFRIGERACION ANTEC VORTEX LUM 240 ARGB NEGRA,399
11135,REFRIGERACION,REFRIGERACION ANTEC SYMPHONY 360 ARGB NEGRO,429
11136,REFRIGERACION,REFRIGERACION ANTEC SYMPHONY 360 ARGB BLANCA,449
11167,REFRIGERACION,REFRIGERACION ANTEC VORTEX LUM 360 ARGB NEGRA,515
11168,REFRIGERACION,REFRIGERACION ANTEC VORTEX LUM 360 ARGB BLANCA,525
11137,REFRIGERACION,REFRIGERACION ANTEC VORTEX 360 ARGB NEGRA,519
11157,REFRIGERACION,REFRIGERACION ANTEC VORTEX 360 ARGB BLANCA,529
11171,REFRIGERACION,REFRIGERACION ASUS PRIME LC 240 ARGB,549
11155,REFRIGERACION,REFRIGERACION ASUS PRIME LC 360 ARGB,679
11174,REFRIGERACION,REFRIGERACION ASUS ROG STRIX LC III 360 ARGB NEGRA,1239
11175,REFRIGERACION,REFRIGERACION ASUS ROG STRIX LC III 360 ARGB BLANCA,1255
11172,REFRIGERACION,REFRIGERACION ASUS ROG STRIX LC III 360 ARGB LCD,1309
11173,REFRIGERACION,REFRIGERACION ASUS ROG RYUJIN III 360 ARGB EXTREME,1809
11142,REFRIGERACION,REFRIGERACION COOLER MASTER LIQUID 240L CORE ARGB BLCA,409
11090,REFRIGERACION,REFRIGERACION CORSAIR H100 RGB 240mm,415
11159,REFRIGERACION,REFRIGERACION CORSAIR NAUTILUS 240 RS ARGB,469
11111,REFRIGERACION,REFRIGERACION CORSAIR H150 RGB 360mm,525
11154,REFRIGERACION,REFRIGERACION CORSAIR ICUE LINK H100i 240 LCD IPS 2.1",659
11129,REFRIGERACION,REFRIGERACION COUGAR POSEIDON ELITE ARGB 240 NEGRA,345
11130,REFRIGERACION,REFRIGERACION COUGAR POSEIDON ELITE ARGB 240 BLANCA,345
11132,REFRIGERACION,REFRIGERACION COUGAR POSEIDON ELITE ARGB 360 NEGRA,405
11131,REFRIGERACION,REFRIGERACION COUGAR POSEIDON ELITE ARGB 360 BLANCA,415
11165,REFRIGERACION,REFRIGERACION COUGAR POSEIDON ULTRA ARGB 240 BLANCA,459
11148,REFRIGERACION,REFRIGERACION GIGABYTE AORUS WATERFORCE II 240 ARGB,499
11151,REFRIGERACION,REFRIGERACION MSI MAG CORELIQUID E360 ARGB NEGRA,645
11128,REFRIGERACION,REFRIGERACION XPG LEVANTE X 240 ARGB BLANCO,409
11122,REFRIGERACION,REFRIGERACION XPG LEVANTE X 240 ARGB NEGRA,409
47003,REFRIGERACION,PASTA REFRIGERANTE ARCTIC MX4 4gm + ESPATULA,36
47012,REFRIGERACION,PASTA REFRIGERANTE ARCTIC MX4 8gm + ESPATULA,46
47008,REFRIGERACION,PASTA REFRIGERANTE ARCTIC MX4 20gm,76
47035,REFRIGERACION,PASTA REFRIGERANTE ARCTIC MX4 45gm,116
47031,REFRIGERACION,PASTA REFRIGERANTE ARCTIC MX6 2GR,37
47036,REFRIGERACION,PASTA REFRIGERANTE ARCTIC MX6 4GR CON 6 TOALLAS,49
47033,REFRIGERACION,PASTA REFRIGERANTE ARCTIC MX6 8GR,64
47016,REFRIGERACION,PASTA REFRIGERANTE CORSAIR TM30 3GR,37
15370,MONITORES,PORTABLE ACER 15.6″ PM161Q FHD IPS USB-C HDMI,469
15348,MONITORES,LED AOC 22" VA FULL HD (100HZ) 22B2HM2,315
15381,MONITORES,LED AOC 24" IPS FULL HD (120HZ) 24B30H2,409
15373,MONITORES,LED AOC 24" Fast IPS FULL HD (0.5ms-180Hz-Gsync) 24G4E PIXEL,535
15347,MONITORES,LED AOC 27″ IPS FULL HD (120HZ) 27B30H,499
15357,MONITORES,LED AOC 27" IPS FHD (0.5ms-180Hz-G-Sync) 27G4E PIXEL,735
15353,MONITORES,LED ASUS 24" TUF IPS FHD (1ms-180Hz) VG249QL3A PIVOT,699
15374,MONITORES,LED ASUS 24" ROG Fast IPS FHD (1ms-310Hz-Gync) XG259CMS PIVO,1339
15383,MONITORES,LED ASUS 25" IPS FHD (1ms-120Hz) VA259HGA,449
15384,MONITORES,LED ASUS 27" IPS FHD (1ms-120Hz) VA279HG,545
15386,MONITORES,LED ASUS 27" TUF Fast IPS FHD (1ms-180Hz) VG279Q3R,809
15354,MONITORES,LED ASUS 27" TUF IPS FHD (1ms-180Hz-G-s) VG279QL3A PIVOT,909
15334,MONITORES,LED ASUS 27″ TUF IPS 2K WQHD (1ms-170Hz) VG27AQZ1A,999
15350,MONITORES,LED ASUS 27" TUF IPS 2K QHD (1ms-180Hz-G-sync) VG27AQ3A,1079
15375,MONITORES,LED ASUS 27" TUF Fast IPS 2K QHD (1ms-180Hz) PIVOT VG27AQL3A,1209
15365,MONITORES,LED ASUS 27" ROG VA 2K WQHD CURVO (1ms-180Hz) AJUS XG27WCS,1259
15376,MONITORES,LED ASUS 27" TUF Fast IPS 4K (1ms-160Hz-Gsync) VG27UQ1A,1849
15351,MONITORES,LED ASUS 34" TUF VA 2K WQHD CVO (1ms-180Hz) AJUS VG34VQL3A,1909
15290,MONITORES,OLED CORSAIR 45" 2K XENEON FLEX (0.03ms-240Hz) 45WQHD,6549
15335,MONITORES,LED GIGABYTE 27" SSIPS 2K QHD (1ms-240Hz) M27QX-SA AJUST,1889
15367,MONITORES,OLED GIGABYTE 27" 2K QHD (0.03ms-240Hz) PIVOT SPEAKER FO27Q,3675
15320,MONITORES,LED LG 24" 24″ IPS FULL HD 100HZ 24MR400-B,439
15341,MONITORES,LED LG 24" IPS FULL HD 100Hz AJUSTABLE 24MS550-B PIXEL,499
15364,MONITORES,LED LG 24" VA FULL HD (1ms-180Hz) 24GS50F-B ULTRAGEAR PIXEL,599
15317,MONITORES,LED LG 27" FULL HD IPS (100Hz) 27MR400-B,549
15358,MONITORES,LED LG 27" VA 2K QHD CURVO (1ms-180Hz) 27GS60QC-B,985
15352,MONITORES,LED LG 27" IPS UHD 4K HDR10 27US500-W ULTRAFINE,1185
15343,MONITORES,LED LG 27" IPS QHD 2K (1ms-200Hz-G-sync) 27GS75Q-B PIVOT,1239
15379,MONITORES,OLED LG 27" QHD 2K (0.03ms-240Hz Gsync) 27GS95QE-B AJUS,3779
15359,MONITORES,LED LG 29" IPS FULL HD 100HZ 29WQ500-B ULTRAWIDE,889
15345,MONITORES,LED LG 32" VA FULL HD CURVO 100HZ 32MR50C-B,830
15294,MONITORES,LED LG 32" GAMING (1m-165Hz-Gsync) 32GN55R-B PIVOT,1059
15382,MONITORES,OLED LG 32" UHD (4K 240Hz/FHD 480Hz-O.3ms Gsync) 32GS95UE-B,5669
15349,MONITORES,LED LG 34" IPS FULL HD (100HZ) 34WQ500-B ULTRAWIDE,1279
15371,MONITORES,LED LG 34" VA 2K WQHD CURVO 100HZ ULTRAWIDE 34WR55QK-B,1859
15295,MONITORES,LED LG 34" VA 2K CURVO WQHD 160Hz PIVOT 34GP63A-B PIXEL,1859
15356,MONITORES,OLED LG 34" 2K WQHD CURVO (0.03MS-240HZ) 34GS95QE-B,4765
15387,MONITORES,OLED SAMSUNG 49" QHD CURVO (0.03mz-240Hz) S49CG9930SN,6825
15385,MONITORES,LED XIAOMI 24" IPS FHD (100Hz) A24i,399
15362,MONITORES,LED XIAOMI 27″ SSIPS FULL HD (1ms-165Hz) ULTRASLIM G27I,639
45529,SOPORTES_MONITORES,SOPORTE MONITOR NB-F80 (17″-30) CM MESA NEGRO MATE,115
45554,SOPORTES_MONITORES,SOPORTE MONITOR NB-F80-XV (17"- 30") LAKE BLUE,115
45555,SOPORTES_MONITORES,SOPORTE MONITOR NB-F80-XE (17"- 30") BLANCA,115
45492,SOPORTES_MONITORES,SOPORTE MONITOR NB-F150 (17"- 35") MATE,139
45556,SOPORTES_MONITORES,SOPORTE MONITOR NB-F160 (17"-27) DUAL BLANCA,189
45553,SOPORTES_MONITORES,SOPORTE MONITOR NB-F160 (17"-27) DUAL NEGRO MATE,189
45558,SOPORTES_MONITORES,SOPORTE BASE PARA TV PEDESTAL 32-70",399
30034,PARLANTES,LOGITECH Z207 2.0 BLUETOOTH 3.5mm RMS 5W,179
30027,PARLANTES,LOGITECH Z407 3.5 USB BLUETOOTH SBWFR 40W RMS,399
30013,PARLANTES,LOGITECH Z625 (2.1) 200W OPTICO,669
30012,PARLANTES,LOGITECH G560 120W BLUETOOTH RGB GAMING,945
30005,PARLANTES,LOGITECH Z906 5.1 500W ÓPTICO SURROUND THX,1290
30041,PARLANTES,RAZER NOMMO v2 X FULL - RANGER 2.0 PC,419
30020,PARLANTES,TRUST REMO USB (2.1) 16W,57
30022,PARLANTES,TRUST GEMI 12W RGB LED 12W,72
30039,PARLANTES,ULTIMATE EARS WONDERBOOM 4 NEGRO/RESISTENTE AGUA POLVO,285
30040,PARLANTES,ULTIMATE EARS WONDERBOOM 4 AZUL/RESISTENTE AGUA POLVO,285
21006,PERIFERICOS_HOGAR,COMBO LOGITECH TECLADO + MOUSE MK120 USB,68
21082,PERIFERICOS_HOGAR,COMBO LOGITECH TECLADO + MOUSE MK200 MEDIA SP,78
21007,PERIFERICOS_HOGAR,COMBO LOGITECH TECLADO + MOUSE MK220 INALAMBRICO,89
21008,PERIFERICOS_HOGAR,COMBO LOGITECH TECLADO + MOUSE MK235 INALAMBRICO,94
21009,PERIFERICOS_HOGAR,COMBO LOGITECH TECLADO + MOUSE MK270 INALAMBRICO,109
21059,PERIFERICOS_HOGAR,COMBO LOGITECH TECLADO + MOUSE MK295 INALAMBRICO,119
21038,PERIFERICOS_HOGAR,COMBO LOGITECH TECLADO + MOUSE MK345 INALAMBRICO,135
21087,PERIFERICOS_HOGAR,COMBO LOGITECH TECLADO + MOUSE MK370 INALAMBRICO,189
31016,PERIFERICOS_HOGAR,DIADEMA LOGITECH H111,54
31105,PERIFERICOS_HOGAR,DIADEMA LOGITECH H151,84
31008,PERIFERICOS_HOGAR,DIADEMA LOGITECH H390,110
31260,PERIFERICOS_HOGAR,DIADEMA LOGITECH ZONE VIBE 100 BLUETHOOTH,389
19246,PERIFERICOS_HOGAR,MOUSE LOGITECH M110 SILENT USB NEGRO,37
19194,PERIFERICOS_HOGAR,MOUSE LOGITECH M170 INALAMBRICO NEGRO,51
19213,PERIFERICOS_HOGAR,MOUSE LOGITECH M185 INALAMBRICO,53
19270,PERIFERICOS_HOGAR,MOUSE LOGITECH M196 BLUETOOTH,55
19167,PERIFERICOS_HOGAR,MOUSE LOGITECH POP ROSADO+FUCSIA INALAMBRICO,125
19211,PERIFERICOS_HOGAR,MOUSE STARTEC INALAMABRICO ST-MO-91,34
19258,PERIFERICOS_HOGAR,MOUSE TRUST BAYO II VERTICAL ERGONOMICO USB BLANCO,78
19257,PERIFERICOS_HOGAR,MOUSE TRUST BAYO II VERTICAL ERGONOMICO USB NEGRO,78
19164,PERIFERICOS_HOGAR,MOUSE TRUST VERTO VERTICAL ERGONOMIC USB NEGRO,78
19244,PERIFERICOS_HOGAR,MOUSE TRUST BAYO II ERGONOMICO INALAMBRICO,102
20018,PERIFERICOS_HOGAR,TECLADO LOGITECH K120 USB,54
20046,PERIFERICOS_HOGAR,TECLADO LOGITECH K400 TOUCH INALAMBRICO SMART TV,155
20224,PERIFERICOS_HOGAR,TECLADO LOGITECH K480 MULTI-DEVICE NEGRO BLUETOOTH,175
20228,PERIFERICOS_HOGAR,TECLADO LOGITECH WAVE ERGO EMPRESA INALAMBRICO NEGRO,259
20221,PERIFERICOS_HOGAR,TECLADO LOGITECH WAVE KEYS ERGO INALAMBRICO (ESP) BLANCO,259
21091,PERIFERICOS_GAMER,COMBO LOGITECH TECLADO + MOUSE POP ICON GRAPHITE,299
58004,PERIFERICOS_GAMER,COMBO MOUSE REDRAGON + PAD MOUSE M601WL-BA,65
21069,PERIFERICOS_GAMER,COMBO TECLADO + MOUSE REDRAGON S101-3 SP K503 ARGB,115
21092,PERIFERICOS_GAMER,COMBO 4en1 REDRAGON S147 SP (TECL+MOUS+DIAD+PAD),219
21089,PERIFERICOS_GAMER,COMBO TECLADO + MOUSE REDRAGON S136 INALAMBRICO RGB SP-RED,285
45510,PERIFERICOS_GAMER,CONTROL GAME PAD ASUS ROG RAIKIRI NEGRO,469
45509,PERIFERICOS_GAMER,CONTROL GAME PAD ASUS ROG RAIKIRI PRO INALAMBRICO NEGRO,649
45085,PERIFERICOS_GAMER,CONTROL GAME PAD TRUST GXT545 YULA INALAMBRICO (OEM),120
45103,PERIFERICOS_GAMER,CONTROL GAME PAD REDRAGON PC PS3 G807 SATURN,75
45515,PERIFERICOS_GAMER,CONTROL GAME PAD REDRAGON G818 JUNO PC/PS3/PS4 INALAMBRICO,135
45273,PERIFERICOS_GAMER,CONTROL GAME PAD DUALSENSE SONY BLANCO PS5 INALAMBRICO,259
45525,PERIFERICOS_GAMER,CONTROL GAME PAD DUALSENSE SONY AZUL PS5 INALAMBRICO,259
45563,PERIFERICOS_GAMER,CONTROL GAME PAD DUALSENSE AZUL COBALTO PS5 INALAMBRICO,269
45266,PERIFERICOS_GAMER,CONTROL GAME PAD XBOX INALAMBRICO BLANCO (GTIA 3 MESES),279
45270,PERIFERICOS_GAMER,CONTROL GAME PAD XBOX INALAMBRICO AZUL (GTIA 3 MESES),279
45474,PERIFERICOS_GAMER,CONTROL GAME PAD XBOX INALAMBRICO NEGRO (GTIA 3 MESES),279
45362,PERIFERICOS_GAMER,CONTROL GAME PAD XBOX INALAMBRICO VERDE (GTIA 3 MESES),279
45341,PERIFERICOS_GAMER,CONTROL GAME PAD XBOX INALAMBRICO VERDE VEL (GTIA 3 MESES),279
45420,PERIFERICOS_GAMER,CONTROL GAME PAD XBOX INALAMBRICO PURPURA(GT 3 MESES),285
45269,PERIFERICOS_GAMER,CONTROL GAME PAD XBOX INALAMBRICO ROJO (GTIA 3 MESES),285
45539,PERIFERICOS_GAMER,CONTROL GAME PAD XBOX INALAMBRICO GHOST CIPHER (GT 3 MESES),329
45564,PERIFERICOS_GAMER,CONTROL GAME PAD XBOX ED ESPECIAL DOOM THE DARK AGES GT 3 MESES,355
45436,PERIFERICOS_GAMER,SOPORTE COOLER MASTER PARA GAME PAD O DIADEMA NEGRO,145
45437,PERIFERICOS_GAMER,SOPORTE COOLER MASTER PARA GAME PAD O DIADEMA BLANCO,145
31283,PERIFERICOS_GAMER,DIADEMA ASUS ROG DELTA S 7.1 CORE NEGRA ROJO,359
31294,PERIFERICOS_GAMER,DIADEMA CORSAIR HS35 V2 NEGRO,169
31295,PERIFERICOS_GAMER,DIADEMA CORSAIR HS55 STEREO NEGRA,269
31296,PERIFERICOS_GAMER,DIADEMA CORSAIR HS55 STEREO BLANCA,269
31292,PERIFERICOS_GAMER,DIADEMA CORSAIR HS65 SURROUND NEGRO,299
31212,PERIFERICOS_GAMER,DIADEMA CORSAIR HS65 SURROUND BLANCO,299
31293,PERIFERICOS_GAMER,DIADEMA CORSAIR HS55 INALAMBRICA NEGRO,409
31073,PERIFERICOS_GAMER,DIADEMA CORSAIR VOID RGB ELITE INALAMBRICA CARBON,409
31087,PERIFERICOS_GAMER,DIADEMA CORSAIR VOID RGB ELITE INALAMBRICA BLANCA,409
31290,PERIFERICOS_GAMER,DIADEMA CORSAIR VIRTUOSO PRO NEGRO,779
31291,PERIFERICOS_GAMER,DIADEMA CORSAIR VIRTUOSO PRO BLANCO,779
31090,PERIFERICOS_GAMER,DIADEMA CORSAIR VIRTUOSO RGB BLANCA INALAMBICA,799
31089,PERIFERICOS_GAMER,DIADEMA CORSAIR VIRTUOSO RGB NEGRO INALAMBICA,799
31149,PERIFERICOS_GAMER,DIADEMA LOGITECH G335 NEGRA,219
31145,PERIFERICOS_GAMER,DIADEMA LOGITECH G335 BLANCO AZUL,219
31152,PERIFERICOS_GAMER,DIADEMA LOGITECH G435 BLANCA/LILA INALAMBRICA,279
31151,PERIFERICOS_GAMER,DIADEMA LOGITECH G435 NEGRO/AMARILLO INALAMBRICA,289
31109,PERIFERICOS_GAMER,DIADEMA LOGITECH G733 RGB INALÁMBRICA LILA,619
31110,PERIFERICOS_GAMER,DIADEMA LOGITECH G733 RGB INALÁMBRICO AZUL,619
31104,PERIFERICOS_GAMER,DIADEMA LOGITECH G733 RGB INALÁMBRICO NEGRO,619
31103,PERIFERICOS_GAMER,DIADEMA LOGITECH G733 RGB INALÁMBRICO BLANCO,619
31252,PERIFERICOS_GAMER,DIADEMA LOGITECH G PRO X 2 LIGHTSPEED BLUETOOTH NEGRO,945
31253,PERIFERICOS_GAMER,DIADEMA LOGITECH G PRO X 2 LIGHTSPEED BLUETOOTH BLANCO,945
31285,PERIFERICOS_GAMER,DIAD.LOGITECH A50X LIGHTSPEED INALAMBRICA NEGRA+BASE,1499
31286,PERIFERICOS_GAMER,DIAD.LOGITECH A50X LIGHTSPEED INALAMBRICA BLANCA+BASE,1499
31233,PERIFERICOS_GAMER,DIADEMA PATRIOT VIPER V330 STEREO GAMING,115
31234,PERIFERICOS_GAMER,DIADEMA PATRIOT VIPER V360 LED ROJO SURROUND,135
31235,PERIFERICOS_GAMER,DIADEMA PATRIOT VIPER V380 7.1 VIRTUAL SURROUND,146
31184,PERIFERICOS_GAMER,DIADEMA RAZER BLACKSHARK V2 X VERDE,179
31232,PERIFERICOS_GAMER,DIADEMA RAZER BLACKSHARK V2 X NEGRA,179
31314,PERIFERICOS_GAMER,DIADEMA RAZER BLACKSHARKV2 WIRED SPORTS + USB SOUD CARD,250
31316,PERIFERICOS_GAMER,DIADEMA RAZER KRAKEN V3 WIRED USB,269
31317,PERIFERICOS_GAMER,DIADEMA RAZER KRAKEN KITTY V2 BT QUARTZ ED ROSA INALAMBRICA,315
31307,PERIFERICOS_GAMER,DIADEMA REDRAGON ARES H120 RGB,59
31305,PERIFERICOS_GAMER,DIADEMA REDRAGON H211 CRONUS RGB NEGRA,67
31159,PERIFERICOS_GAMER,DIADEMA REDRAGON H260 HYLAS NEGRO RGB,69
31289,PERIFERICOS_GAMER,DIADEMA REDRAGON LAMIA2 H320 RGB NEGRA (+BASE),132
31299,PERIFERICOS_GAMER,DIADEMA REDRAGON LAMIA2 H320W-RGB BLANCA (+BASE),132
31318,PERIFERICOS_GAMER,DIADEMA REDRAGON CYBILL H312 7.1 VIRTUAL,162
31281,PERIFERICOS_GAMER,DIADEMA REDRAGON IRE PRO H848 GRIS / BLANCA INALAMBRICA,185
31239,PERIFERICOS_GAMER,DIADEMA REDRAGON IRE PRO H848B BLANCA/AZUL INALAMBRICA,185
31205,PERIFERICOS_GAMER,DIADEMA REDRAGON H510W-RGB ZEUS X BLANCO,199
31161,PERIFERICOS_GAMER,DIADEMA REDRAGON H510 RGB ZEUS-X NEGRO,199
31206,PERIFERICOS_GAMER,DIADEMA REDRAGON H510P-RGB ZEUS-X ROSADA,199
31271,PERIFERICOS_GAMER,DIADEMA SKULLCANDY CRUSHER ANC 2 NEGRA INALAMBRICA,839
31241,PERIFERICOS_GAMER,AUDIFONOS HYPER-X CIRRO BUDS PRO INALAMBRICOS,219
31248,PERIFERICOS_GAMER,AUDIFONOS XIAOMI MI IN-EAR HEADPHONES BASIC GRIS,30
31280,PERIFERICOS_GAMER,AUDIFONOS XIAOMI REDMI BUDS 6 PLAY BLANCO,54
31301,PERIFERICOS_GAMER,AUDIFONOS XIAOMI REDMI BUDS 6 PLAY ROSA,54
31320,PERIFERICOS_GAMER,AUDIFONOS XIAOMI REDMI BUDS 6 PLAY AZUL,54
31276,PERIFERICOS_GAMER,AUDIFONOS XIAOMI REDMI BUDS 6 ACTIVE NEGRO,74
31275,PERIFERICOS_GAMER,AUDIFONOS XIAOMI REDMI BUDS 6 ACTIVE BLANCO,74
31273,PERIFERICOS_GAMER,AUDIFONOS XIAOMI REDMI BUDS 6 ACTIVE AZUL,74
31274,PERIFERICOS_GAMER,AUDIFONOS XIAOMI REDMI BUDS 6 ACTIVE ROSA,74
31287,PERIFERICOS_GAMER,AUDIFONOS XIAOMI REDMI BUDS 5 SKY AZUL,145
31245,PERIFERICOS_GAMER,AUDIFONOS XIAOMI REDMI BUDS 5 BLANCOS,145
31303,PERIFERICOS_GAMER,AUDIFONOS XIAOMI REDMI BUDS 6 CLOUD BLANCA,156
31311,PERIFERICOS_GAMER,AUDIFONOS XIAOMI REDMI BUDS 6 PRO GLACIER BLANCA,299
31313,PERIFERICOS_GAMER,AUDIFONOS XIAOMI REDMI BUDS 6 PRO LAVENDER PURPURA,299
45030,PERIFERICOS_GAMER,SOPORTE DIADEMA CORSAIR ST100 RGB,319
19144,PERIFERICOS_GAMER,MOUSE CORSAIR KATAR PRO RGB NEGRO,129
19087,PERIFERICOS_GAMER,MOUSE CORSAIR HARPOON RGB PRO NEGRO,165
19143,PERIFERICOS_GAMER,MOUSE CORSAIR KATAR PRO INALAMBRICO NEGRO,215
19118,PERIFERICOS_GAMER,MOUSE CORSAIR HARPOON RGB INALAMBRICO NEGRO,255
19268,PERIFERICOS_GAMER,MOUSE CORSAIR M75 AIR INALAMBRICO NEGRO,349
19265,PERIFERICOS_GAMER,MOUSE HYPERX PULSEFIRE CORE NEGRO RGB,119
19133,PERIFERICOS_GAMER,MOUSE LOGITECH G203 LIGHTSYNC RGB NEGRO,95
19106,PERIFERICOS_GAMER,MOUSE LOGITECH G203 LIGHTSYNC RGB BLANCO,95
19121,PERIFERICOS_GAMER,MOUSE LOGITECH G203 LIGHTSYNC RGB LILA,95
19122,PERIFERICOS_GAMER,MOUSE LOGITECH G203 LIGTHSYNC RGB BLUE,95
19036,PERIFERICOS_GAMER,MOUSE LOGITECH G305 INALAMBRICO NEGRO,159
19159,PERIFERICOS_GAMER,MOUSE LOGITECH G305 INALAMBRICO BLANCO,159
19142,PERIFERICOS_GAMER,MOUSE LOGITECH G305 INALAMBRICO AZUL,159
19125,PERIFERICOS_GAMER,MOUSE LOGITECH G305 INALAMBRICO LILA,159
19168,PERIFERICOS_GAMER,MOUSE LOGITECH G305 INALAMBRICO MENTA,159
19066,PERIFERICOS_GAMER,MOUSE LOGITECH G502 HERO RGB,199
19255,PERIFERICOS_GAMER,MOUSE LOGITECH G309 LIGHTSPEED INALAMBRICO NEGRO,259
19256,PERIFERICOS_GAMER,MOUSE LOGITECH G309 LIGHTSPEED INALAMBRICO BLACO,259
19205,PERIFERICOS_GAMER,MOUSE LOGITECH G502 X HERO NEGRO,319
19253,PERIFERICOS_GAMER,MOUSE LOGITECH G502 X HERO BLANCO,319
19075,PERIFERICOS_GAMER,MOUSE LOGITECH G502 INALAMBRICO NEGRO,369
19266,PERIFERICOS_GAMER,MOUSE LOGITECH G PRO 2 LIGHTSPEED INALAMBRICO NEGRO,489
19267,PERIFERICOS_GAMER,MOUSE LOGITECH G PRO 2 LIGHTSPEED INALAMBRICO BLANCO,489
19221,PERIFERICOS_GAMER,MOUSE LOGITECH G PRO X SUPERLIGHT 2 NEGRO INALAMBRICO,555
19053,PERIFERICOS_GAMER,MOUSE RAZER DEATHADDER ESSENTIAL NEGRO,109
19271,PERIFERICOS_GAMER,MOUSE REDRAGON M656 GAINER INALAMBRICO NEGRO,75
19263,PERIFERICOS_GAMER,MOUSE REDRAGON M601-RGB CENTROPHORUS2,76
19083,PERIFERICOS_GAMER,MOUSE REDRAGON GRIFFIN M607 RGB,80
19272,PERIFERICOS_GAMER,MOUSE REDRAGON KING 1K M724 NEGRO,79
19273,PERIFERICOS_GAMER,MOUSE REDRAGON KING 1K M724W BLANCO,79
19275,PERIFERICOS_GAMER,MOUSE REDRAGON KING 1K M724W ROSA,79
19150,PERIFERICOS_GAMER,MOUSE REDRAGON GRIFFIN M607W BLANCO RGB,84
19204,PERIFERICOS_GAMER,MOUSE REDRAGON M808-KS STORM PRO RGB INALAMBRICO BLANCO,132
19250,PERIFERICOS_GAMER,MOUSE REDRAGON M916 KING PRO 1K BLANCO BLUETHOOT USB 2.4HZ,155
19249,PERIFERICOS_GAMER,MOUSE REDRAGON M916 KING PRO 1K NEGRO BLUETHOOT USB 2.4HZ,155
19274,PERIFERICOS_GAMER,MOUSE REDRAGON M916P KING PRO 1K ROSA BLUETHOOT USB 2.4HZ,155
19247,PERIFERICOS_GAMER,MOUSE REDRAGON M916 KING PRO 4K NEGRO BLUETHOOT USB 2.4HZ,205
46102,PERIFERICOS_GAMER,PAD MOUSE CORSAIR MM300 CLOTH,75
46100,PERIFERICOS_GAMER,PAD MOUSE CORSAIR MM300 ANTI-FRAY EXTENDED,109
46099,PERIFERICOS_GAMER,PAD MOUSE CORSAIR MM350 PRO XL,145
46101,PERIFERICOS_GAMER,PAD MOUSE CORSAIR MM700 3XL RGB,435
46096,PERIFERICOS_GAMER,PAD MOUSE LOGITECH G240,53
46104,PERIFERICOS_GAMER,PAD MOUSE RAZER GOLIATHUS STEALTH ED,52
46087,PERIFERICOS_GAMER,PAD MOUSE RAZER GIGANTUS V2 LARGE 450X400mm,62
46091,PERIFERICOS_GAMER,PAD MOUSE RAZER GIGANTUS V2 XXL 940 X 410mm,155
46049,PERIFERICOS_GAMER,PAD MOUSE REDRAGON P029 FLICK S,24
46057,PERIFERICOS_GAMER,PAD MOUSE REDRAGON P031 FLICK L,45
46088,PERIFERICOS_GAMER,PAD MOUSE XPG BATTLEGROUND L MERA ED NEGRO/NARANJA,37
20120,PERIFERICOS_GAMER,TECLADO ASUS XA05 ROG STRIX SCOPE RGB MECANICO,615
20239,PERIFERICOS_GAMER,TECLADO CORSAIR K55 CORE RGB NEGRO,195
20236,PERIFERICOS_GAMER,TECLADO CORSAIR K70 CORE MECANICO RGB SW- MLX RED,345
20114,PERIFERICOS_GAMER,TECLADO CORSAIR K100 RGB OPTICO NEGRO,999
20232,PERIFERICOS_GAMER,TECLADO CORSAIR K100 AIR RGB CHERRY INALAMBRICO,1099
20008,PERIFERICOS_GAMER,TECLADO LOGITECH G213 RGB,219
20160,PERIFERICOS_GAMER,TECLADO LOGITECH G413 TKL SE MECANICO LED,335
20152,PERIFERICOS_GAMER,TECLADO LOGITECH G413 SE MECANICO,355
20237,PERIFERICOS_GAMER,TECLADO LOGITECH G515 TKL LOW PROFILE RGB BLANCO,469
20238,PERIFERICOS_GAMER,TECLADO LOGITECH G515 TKL LOW PROFILE RGB NEGRO,469
20087,PERIFERICOS_GAMER,TECLADO LOGITECH G915 TKL RGB MECANICO INALAMBRICO,669
20212,PERIFERICOS_GAMER,TECLADO LOGITECH PRO X TKL LIGHTSPEED US S-BRW INALAMBRICO,779
20247,PERIFERICOS_GAMER,TECLADO LOGITECH PRO X TKL RAPID MAGNETICO,809
20226,PERIFERICOS_GAMER,TECLADO LOGITECH PRO X 60 BLANCO LIGHTSPEED SW BROWN,809
20227,PERIFERICOS_GAMER,TECLADO LOGITECH PRO X 60 NEGRO LIGHTSPEED SW BROWN,809
20234,PERIFERICOS_GAMER,TECLADO LOGITECH G915 X TKL RGB LP MEC INALAMBRICO NEGRO,849
20246,PERIFERICOS_GAMER,TECLADO LOGITECH G915 X TKL RGB LP MEC INALAMBRICO BLANCO,849
20090,PERIFERICOS_GAMER,TECLADO REDRAGON DYAUS2 K509 RGB SP,97
20129,PERIFERICOS_GAMER,TECLADO REDRAGON K512W SHIVA RGB BLANCO,125
20138,PERIFERICOS_GAMER,TECLADO REDRAGON K630 RGB DRAGONBORN SWITCH RED,145
20194,PERIFERICOS_GAMER,TECLADO REDRAGON K630W-RGB DRAGONBORN BLANCO SW-BROWN,145
20222,PERIFERICOS_GAMER,TECLADO REDRAGON K552W KUMARA KR RAINBOW RGB BLANCO SRED,162
20186,PERIFERICOS_GAMER,TECLADO REDRAGON K552 KUMARA KR RAINBOW RGB NEGRO SP-RED MEC,162
20230,PERIFERICOS_GAMER,TECLADO REDRAGON K669 ZIGGS RGB S-RED (MECANICO),165
20099,PERIFERICOS_GAMER,TECLADO REDRAGON K552 RGB KUMARA RGB MECANICO SP-BLUE,185
20086,PERIFERICOS_GAMER,TECLADO REDRAGON K552 KUMARA RGB MECANICO SW-RED,185
20104,PERIFERICOS_GAMER,TECLADO REDRAGON K552W KUMARA MECANICO BLANCO SP RED RGB,185
20140,PERIFERICOS_GAMER,TECLADO REDRAGON K616 FIZZ PRO RGB NEGRO SW RED,189
20162,PERIFERICOS_GAMER,TECLADO REDRAGON K616 FIZZ PRO RGB BLANCO ROSA,189
20141,PERIFERICOS_GAMER,TECLADO REDRAGON K616 FIZZ PRO RGB GRIS BLANCO,189
20143,PERIFERICOS_GAMER,TECLADO REDRAGON K616 FIZZ PRO RGB BLANCO GRIS,189
20142,PERIFERICOS_GAMER,TECLADO REDRAGON K616 FIZZ PRO RGB ROSA BLANCO,189
20058,PERIFERICOS_GAMER,TECLADO REDRAGON K551 MITRA RGB MECANICO,205
20223,PERIFERICOS_GAMER,TECLADO REDRAGON K622 HORUS TKL RGB SP-RED BLANCO,226
20189,PERIFERICOS_GAMER,TECLADO REDRAGON K622 HORUS TKL RGB SP-RED NEGRO,226
20198,PERIFERICOS_GAMER,TECLADO REDRAGON K632 HORUS MINI RGB SW-RED ING,229
20200,PERIFERICOS_GAMER,TECLADO REDRAGON K619-RGB HORUS NEGRO SP-RED,255
20244,PERIFERICOS_GAMER,TECLADO REDRAGON K652GG AZURE 75% LP RGB-PRO SP-RED,259
20201,PERIFERICOS_GAMER,TECLADO REDRAGON K619W-RGB HORUS BLANCO SP-RED,259
20240,PERIFERICOS_GAMER,TECLADO REDRAGON K673CPG UCAL PRO AZL BCO RGB BTH/USB-C/WIFI,259
20245,PERIFERICOS_GAMER,TECLADO REDRAGON K686WBG EISA MAX BLANCO/NEGRO/VERDE,279
20217,PERIFERICOS_GAMER,TECLADO REDRAGON K621-RGB HORUS TKL SP-RED MECANICO NGO,285